District,Latitude,Longitude,SubRetailer Draw ID
Göyçə Şərab evi Artyom,40.4488222,50.3409288,11604.1076
Şəfiqə Qaragözova Hüseyn,40.4696528,50.3247062,11604.7902
Vasif Market Dübəndi,40.4133502,50.2901442,11604.1223
M-N Market Qala Xaşaxuna,40.4373708,50.2148325,11604.1573
Ramil Market Qala Xaşaxuna,40.4348888,50.2143658,11604.1226
3 Mərtəbə Market Şüvəlan,40.4851303,50.1755664,11604.0177
Avtodroom PS Kafe Mərdəkan,40.4848169,50.1655474,11604.3586
Ziyad Əhmədov Nuru,40.4870142,50.1649333,11604.8428
Ziyəddin Rüstəmov Yavər,40.4874034,50.1648716,11604.8092
Orxan Novruzov Elşad,40.4870421,50.1646917,11604.8623
Pivəçi Suad Mərdəkan,40.4872975,50.1374759,11604.0971
Evim Market Şağan,40.4898829,50.1267988,11604.1012
Naxır Bulağı Market Buzovna,40.5204246,50.1083915,11604.0008
Ümid Market Binə,40.4249465,50.1060826,11604.144
Müqabil Musayev Fəxrəddin,40.4241374,50.1034011,11604.8077
Rasim İbadov Hasil,40.4465548,50.1033837,11604.7855
Caspian Market Buzovna,40.5290983,50.1032567,11604.0019
Murad Market Buzovna,40.5174233,50.1028575,11604.0161
Fortuna Trade MMC,40.5168655,50.1020904,27040
Sübhan Market Buzovna,40.523655,50.1013067,11604.016
Fanta Market Buzovna,40.5231943,50.1009307,11604.0301
Bal Market Binə,40.4163365,50.1009263,11604.5279
Nar Market Binə,40.426015,50.0988867,11604.1233
İsa Market Binə Sovxoz,40.4127784,50.0934285,11604.2649
Yasif Hacıyev Abbas,40.4497437,50.0882012,11604.8166
Rauf Əliyev Böyükağa,40.4500107,50.0881705,11604.7859
Fortuna Trade MMC,40.4500107,50.0881705,27042
Ramiz Bağırov Şakir,40.449097,50.0879444,11604.7853
Market 85 Binə Sovxoz,40.4346677,50.0869567,11604.1217
Əli Market Binə,40.447348,50.0782935,11604.0075
Şərab evi Binə Atçılıq Sahib,40.4771683,50.0755133,11604.0116
Valeh Əbilov Əbil,40.3605421,50.0750267,11604.8274
Nigar Market Buzovna,40.5179406,50.0729212,11604.0001
Mini market Vüsal Hövsan,40.3635958,50.0711607,11604.1586
SPAR Market Binə Atçılıq,40.4698754,50.0708407,11604.104
1001 Xırdavat Hövsan MİDA,40.3804723,50.0701578,11604.1715
Ağa Market Albalılıq,40.5263815,50.0691656,11604.0927
Dəniz Market Binə,40.4438783,50.06851,11604.1054
By Amir Telecom Elvin Hövsan,40.3579074,50.0584806,11604.4532
Nihad Market Albalılıq,40.5262155,50.0532671,11604.0273
3 meyvə Market Vişnyovka,40.5268682,50.0527192,11604.2965
Məhəllə Market Vişnyovka,40.5272653,50.0429072,11604.0139
Uğur Market 2 Albalılıq,40.5291973,50.0409817,11604.2198
Uğur Market 1 Albalılıq,40.532388,50.0399496,11604.2197
Çinar Market Bilgəh,40.5717295,50.0390302,11604.2303
Orxan Abdullayev İlqar,40.4354532,50.031295,11604.7824
Bərəkət Market Bilgəh,40.5504632,50.0299381,11604.0557
Lider Market Maştağa,40.5235514,50.02511,11604.0162
Rəsul Market Maştağa,40.5469434,50.0172944,11604.0382
İlkin Market Maştağa,40.5444967,50.0150033,11604.1039
Muxtar Telecom Yeni Ramana,40.4465502,50.0088965,11604.245
Niyazi Market Suraxanı,40.4221416,50.004739,11604.2711
Teymurbəy Ağayev Davud,40.4206799,50.0033645,11604.8369
Sizin Market Yeni Ramana,40.4443599,49.98966,11604.126
Kiosk Sabir Əmircan,40.4303873,49.9880966,11604.2423
Spar Market Elvin Əmircan,40.421979,49.9876087,11604.464
Ailə Market Ramana,40.4811837,49.9812735,11604.0317
Ruslan Məmmədov Akif,40.3794383,49.9807218,11604.7878
Namiq Şərifov Həsənağa,40.3862207,49.9797172,11604.7807
Pərakəndə Araz Supermarket Savalan,40.506811,49.9754394,11604.8678
Elxan Rüstəmov Rüstəm,40.4014032,49.9750888,11604.8634
Elxan Rüstəmov İsa,40.4014032,49.9750888,11604.8035
CD824-1320 Telecom Xəzər - Şazər Azərco Yeni Ramana,40.442204,49.974578,11604.2291
Pərakəndə Araz Supermarket Qaraçuxur,40.3850468,49.9717992,11604.8676
Şəhriyar Market Savalan,40.5154423,49.9697104,11604.0141
Pərakəndə Araz Supermarket Bakıxanov,40.4162396,49.9681571,11604.8672
Renat İsmayılov Hamlet,40.413908,49.9671478,11604.7863
Kiosk Malik Razin,40.4195126,49.9671244,11604.0083
Şöhrət Market K Günəşli,40.3738303,49.9648063,11604.149
Səbuhi Musayev Fəxrəddin,40.3857246,49.9634154,11604.8108
İltifaq Həşimov Nuramməd,40.3591002,49.9614312,11604.8121
Kiosk Ruslan Razin,40.4219582,49.9612602,11604.0463
Cəmil Mayılzadə Rivzan,40.4178934,49.9607581,11604.8414
Yaşar Kərimov Cəllad,40.4377811,49.95934,11604.795
Köşk Həsən Əhmədli,40.3885995,49.9579843,11604.0322
Elçin Yusifov Yusif,40.4278503,49.9577995,11604.768
Samir Abdullayev Zakir,40.3863003,49.9566363,11604.7896
Kənan Məmmədov Allahverdi,40.3948283,49.9564878,11604.7734
Samir Market Zabrat,40.4851103,49.9564464,11604.0234
Vüqar Şərab evi Xalqlar D,40.4039783,49.956425,11604.0424
Elçin Şərab evi Razin,40.4310675,49.9561781,11604.002
Ələkbər Şirinov Məhəmməd,40.4311133,49.9561295,11604.7682
Valeh Cəfərov Süleyman,40.4307983,49.9561267,11604.7932
Ramin Rüstəmov Zakir,40.3863485,49.9555618,11604.7852
Teymur Qafarov Əkrəm,40.3858986,49.9543304,11604.8655
Seymur Market Sabunçu,40.440633,49.954185,11604.0467
Pərakəndə Metrostansiya Əhmədli,40.3862485,49.9541785,11604.8687
Şəmsi Qurbanlı Nemət,40.4798319,49.9538922,11604.8169
Aydın İsmayılov Hüsən,40.3722972,49.9538647,11604.833
Pərakəndə Metrostansiya Həzi Aslanov,40.3722658,49.9536387,11604.869
Vüsal Şükürov Səftər,40.3742008,49.9534075,11604.7941
Soltan Soltanov Qaffar,40.3971114,49.9531852,11604.8511
Pərakəndə Metrostansiya Xalqlar - 2,40.3969205,49.9531483,11604.8701
Sevda Məmmədova Tofiq,40.3965612,49.9529739,11604.851
Rövşən Nəbiyev Hacıəhməd,40.4003756,49.952623,11604.7872
Bakı Market Neftçilər,40.4117107,49.952165,11604.0535
Pərakəndə Metrostansiya Xalqlar,40.3982959,49.9517686,11604.87
İqbal Hüseynov Əli,40.4062342,49.9496995,11604.7727
Rövşən Market Zabrat,40.4714936,49.9473361,11604.1016
Qəhraman İbrahimov Şəmil,40.4048558,49.9470899,11604.7835
Rəhman Poladov Camal,40.4054104,49.9470865,11604.8633
Ceyhun Məmmədov İslam,40.4059921,49.9466584,11604.7664
İntiqam Nuriyev Nəbi,40.4465273,49.9457138,11604.8376
Pərakəndə Bravo Əhmədli,40.3752391,49.9450303,11604.8682
Emil Mustafayev İqbal,40.4461254,49.9449261,11604.8562
Məhəllə Market Qarayev,40.418115,49.9441053,11604.0581
İsmayıl Kərimov Firdovsi,40.410016,49.9438891,11604.7965
Əbdülağa Məmmədov Saleh,40.4092013,49.9436936,11604.8509
Seyfəddin Əliyev Miriş,40.4778454,49.9434903,11604.8107
Pərakəndə Araz Supermarket Sabunçu,40.4449985,49.9434053,11604.8677
Rafiq Aslanov Qədir,40.4107252,49.9433527,11604.784
İlkin Sultanov Fazil,40.4100631,49.9427704,11604.8133
Aleksandr Yemelyanov Andreyeviç,40.4102474,49.942583,11604.8365
Ceyhun İxtiyarov Bəxtiyar,40.4101517,49.9425188,11604.813
Pərakəndə Metrostansiya Neftçilər - 2,40.4115944,49.942335,11604.8696
Pərakəndə Metrostansiya Neftçilər,40.4115944,49.942335,11604.8695
Pərakəndə Araz Supermarket Məhəmmədi,40.5116992,49.9416478,11604.8674
Elgün Şərab evi Qarayev,40.4173267,49.93759,11604.4904
Amid İmanov Bəhram,40.4394642,49.9360571,11604.7626
Habil Mehdiyev Səməndər,40.4175667,49.9357642,11604.8364
Zirvə Market 1 Neftçilər,40.4121868,49.9355566,11604.0877
Arif Süleymanov Səfər,40.4463765,49.9341193,11604.7634
Fəxriyar Babayev İlqar,40.4430175,49.933996,11604.7701
Pərakəndə Metrostansiya Qara Qarayev,40.4178442,49.9330068,11604.8699
Hafiz Əmirahov Sayuz,40.4181839,49.932802,11604.8132
Yusif Hüseynzadə Baloğlan,40.4182122,49.9323899,11604.8097
Zamiq Market Kürdəxanı,40.5515991,49.9259385,11604.1674
İntizam Aşurov Himmət,40.4600879,49.9254984,11604.807
Gülü Market Balaxanı,40.4610388,49.9212563,11604.0973
Rüstəm Market NZS,40.3850112,49.9202085,11604.0511
Günəş Market NZS,40.3757922,49.9199192,11604.0123
Mübariz Hüseynov Rəcəb,40.4211333,49.9186331,11604.7795
Pərakəndə Metrostansiya Koroğlu-Piramida,40.4205289,49.9174452,11604.8694
Pərakəndə Metrostansiya Koroğlu,40.4205289,49.9174452,11604.8693
Pərakəndə Şöbə Alov Park - 2,40.4217722,49.9165788,11604.8703
Pərakəndə Şöbə Alov Parkı,40.4218548,49.9162272,11604.867
Asim Quliyev Xaliq,40.3842078,49.9149793,11604.8525
Əhməd Məmmədov İlham,40.3908874,49.9146779,11604.8379
Mamed Market Böyükşor,40.4225545,49.906967,11604.0099
Mayis Qədirov Səlim,40.4218402,49.9002912,11604.8119
Qal Market Ulduz,40.4222783,49.9000958,11604.0332
İntiqam Market Nərimanov,40.418975,49.8979167,11604.1079
Habil Market Qara şəhər,40.3800918,49.8974824,11604.2579
Raqif Kərimli Vaqif,40.3960948,49.8953799,11604.0297
Şəhriyar Market Keşlə,40.3968306,49.8921002,11604.1452
Samir Əsədov Nəsrulla,40.3973889,49.8917665,11604.7899
2 Mərtəbə Market Keşlə,40.3956236,49.8880282,11604.125
Məhəllə Market Keşlə,40.4014349,49.8873901,11604.1111
Namiq Oğlu Market Pirşağı,40.5567678,49.8852211,11604.1649
Elnur Market Pirşağı,40.5590218,49.8837968,11604.1672
444 Market Montin,40.396385,49.877425,11604.1528
Bulud Market Baksol,40.4243891,49.8758518,11604.233
Məhəllə Market Nərimanov Çermet,40.4156012,49.8748752,11604.1597
Amil Market Nərimanov,40.4069911,49.8729638,11604.1515
Rəvan İsrafilov Etibar,40.3831638,49.8723225,11604.7868
Rahil Rəhimov Surxay,40.4029409,49.8718291,11604.7991
Səxavət İbrahimov Məmməd,40.4028055,49.8713821,11604.791
Pərakəndə Metrostansiya Nərimanov - 2,40.4032098,49.8713624,11604.8698
Əjdər Yarəhmədov Əhməd,40.4034264,49.8709283,11604.7673
Ehtibar Rzayev Rza,40.40583,49.8698767,11604.7672
Pərakəndə Metrostansiya Nərimanov,40.4023756,49.8695144,11604.8697
FF Market Çermet,40.4207798,49.8685565,11604.19
Köşk Eldar Nərimanov,40.4024199,49.8674735,11604.2322
Lucky oil Supermarket Digah,40.4849316,49.8660112,11604.0765
Kiosk 030 Nəsimi,40.3746985,49.8589493,11604.7745
Rasif Ağalarov Rasim,40.4956145,49.8554654,11604.7854
Şahin Əliyev Kərim,40.4948513,49.8554315,11604.8619
Kiosk 241 Gənclik Caspian Shop,40.4010174,49.8525929,11604.0703
Pərakəndə Metrostansiya Gənclik,40.4008149,49.8525561,11604.8689
Mustafa Zeynalov Mübariz,40.3837103,49.8521419,11604.78
Afan Musayev Musa,40.3784376,49.8500717,11604.8504
Teyyub Cəfərov İdris,40.4161718,49.8499149,11604.8276
Namiq İmanov Firudin,40.3785335,49.8476163,11604.8019
Kiosk 153 Dilarə Əliyeva k Nəsimi r,40.379566,49.8475393,11604.7771
Söhbət Qasımov Kamandar,40.3797381,49.847195,11604.7912
Nahid Bağırov Vidadi,40.4141966,49.8467474,11604.8078
Kiosk 254 Ayna Sultanova,40.4171208,49.8461263,11604.0701
Kiosk164 Azadlıq pr Nəsimi r,40.3829072,49.8460212,11604.7782
Şamxal Meyvə-Tərəvəz 8MKR,40.4242202,49.8444957,11604.2525
Fərid Market Ayna Sultanova,40.4163745,49.8440959,11604.032
Ərzaq Sadiq Azadlıq ABŞ səfirliy,40.3856876,49.8430026,11604.243
Filyod Əliyev Vəli,40.4186139,49.8425084,11604.7703
Vahidin Köşkü Nərimanov,40.4312686,49.8420113,11604.1585
İlkin Ələskərov Fərman,40.4365087,49.8417813,11604.7725
Oktay Əliyev Qara,40.4250566,49.8408268,11604.8594
Pərakəndə Metrostansiya Azadlıq,40.4255661,49.8407049,11604.8685
Rafiq Məmmədov Gülağa,40.4172563,49.8387624,11604.7842
Aqil Aşurov Əliağa,40.3404803,49.8366302,11604.8507
Kiosk 54 Xan Şuşinski 96,40.3993734,49.8360647,11604.775
Sabir Market İnqilab,40.3876328,49.8357454,11604.1214
Zaman Market Binəqədi,40.4659779,49.8353021,11604.26
Totu Market Azneft,40.3625384,49.8338014,11604.0743
Kiosk Elnur Semaşko,40.3939845,49.833734,11604.0088
Emin Şükürlü Mahir,40.3725643,49.8334749,11604.8595
Kiosk 022 Nəsimi rayonu,40.3984314,49.8323195,11604.7743
Cəbrayıl Zeynalov Şavaad,40.3799076,49.8302195,11604.7661
Mahir Hüseynov Abbasəli,40.379944,49.8297963,11604.8343
Ağa Market Binəqədi,40.4660273,49.8291385,11604.1098
Vəfa Market İnqilab,40.3977037,49.828282,11604.0528
Cabir Quliyev Əhməd,40.4250505,49.8281979,11604.8264
Orxan Məmmədov Vaqif,40.4666185,49.8279261,11604.8331
Heydər Heydərov Bayram,40.4664718,49.8278704,11604.7973
Orxan Məmmədov Məmmədxan,40.46678,49.8276363,11604.7827
Kiosk 129 Binəqədi rayonu,40.4244564,49.8241604,11604.7767
Hüseyn Market Biləcəri,40.442806,49.8226721,11604.2555
085 Şərab Evi Pitomnik 6MKR,40.4176683,49.8223894,11604.2479
Yolüstü Market Biləcəri,40.4373127,49.8203981,11604.0383
Taryel Hüseynov Həsən,40.4071268,49.8199331,11604.7915
Məhəmməd Aşurov Aqil,40.3303476,49.8185199,11604.8508
Bax belə Market Mikrorayon,40.40705,49.8182417,11604.0061
Əziz Market Bayıl,40.3433591,49.8182133,11604.2394
Ailə 2 Market Bayıl,40.3378506,49.8181897,11604.1683
Uğur Market Binəqədi,40.4655386,49.8181782,11604.107
Kiosk Elvin 3MKR,40.4066282,49.8174297,11604.2503
Səbinə Market 9cu MKR,40.4238198,49.8173489,11604.0015
Ramal Sadıqov Eyvaz,40.394031,49.8160758,11604.7848
Rasim Kərimli Kamil,40.4106088,49.8160504,11604.8171
Pərakəndə Metrostansiya Elmlər,40.3751959,49.8156552,11604.8688
Alman malları Market 9-cu MKR,40.4208652,49.8151977,11604.0501
Vüsal Cəfərov İlqar,40.410335,49.8151167,11604.8303
Kiosk 041 Memar Əcəmi Nəsimi r,40.40994268,49.81500064,11604.7747
Pərakəndə Metrostansiya Əcəmi,40.4104679,49.814485,11604.8686
Kiosk 010 Memar Əcəmi,40.4107546,49.8144438,11604.7738
Elxan Abbasov Telman,40.4061596,49.8143448,11604.7696
Valeh Əskərov Elşən,40.4104656,49.8141605,11604.8099
Turqud Hüseyinov Xalid,40.4062521,49.8140479,11604.7927
Qaçay Əzimov Nuriş,40.4103317,49.8136074,11604.8016
Vasif Məhərrəmov Sakin,40.40529,49.81217,11604.7934
Pərakəndə Bravo 20 Yanvar,40.4016475,49.8110395,11604.8681
Nadir Ədilov Elşən,40.3838046,49.8109679,11604.8018
Səhyəddin Hüseynov Şakir,40.4396222,49.8096178,11604.7905
Pərakəndə Şöbə Velotrek 2,40.4042822,49.8093286,11604.8709
Səid Mirzəyev Eynulla,40.4009093,49.8090311,11604.8654
Pərakəndə Şöbə Velotrek 1,40.4040167,49.8088333,11604.8708
Kamil Rəhimov Dilən,40.4375226,49.8087524,11604.7972
Nağı Abdinov Əvəz,40.4034978,49.8085844,11604.8362
Pərakəndə Metrostansiya 20 Yanvar,40.4042965,49.8084051,11604.8683
Pərakəndə Şöbə 20 Yanvar - 2,40.4042977,49.8084031,11604.8702
Kiosk 014 Nəsimi rayonu,40.4047975,49.8081866,11604.7741
Kiosk 145 Moskva prospekti,40.4055901,49.8074122,11604.7769
Tünzalə Abdullayeva Telman,40.3368765,49.8065781,11604.792
Əli Qulusoylu Cəbrayıl,40.4066517,49.8064567,11604.8592
Kiosk Qasım Badamdar,40.3378855,49.8063464,11604.294
Nəvai İsmayılov Nüsrət,40.4045444,49.8062345,11604.7811
Məhəbbət Market Biləcəri,40.44044,49.8057598,11604.0214
Ucuz Market Biləcəri stansiya,40.4319574,49.8045559,11604.1614
Zaur Rəcəbov Hüseyn,40.3820227,49.8042301,11604.7961
Kənan Yusifov Şövkət,40.4109017,49.8042183,11604.7992
Pərakəndə Metrostansiya İnşaatçılar - 2,40.388912,49.8031045,11604.8692
Elməddin Rəfiyev İsmixan,40.3892836,49.8027244,11604.8131
Poladxan Namazlı Əmirxan,40.3898961,49.8027193,11604.8624
Tarıverdi Xammədov Allahverən,40.3889387,49.8026087,11604.7995
Pərakəndə Metrostansiya İnşaatçılar,40.3914011,49.8020991,11604.8691
Amid Market Binəqədi DSK,40.4477057,49.8001027,11604.0737
Zakir Mustafayev Zəkəriyə,40.4218359,49.7987953,11604.8622
Pərakəndə Metrostansiya Avtovağzal,40.4178743,49.798303,11604.8684
Ekonom Market DSK yolu,40.4417484,49.78621,11604.0009
Pərakəndə Araz Supermarket Novxanı,40.5367901,49.78272,11604.8675
Mini Bazar Market Binəqədi,40.4522746,49.7796548,11604.2419
Fortuna Trade MMC,40.4353277,49.774982,27052
Novxanı Market Novxanı bağları,40.5601073,49.7596259,11604.4665
Kiosk Əfqan 2 Masazır,40.4848711,49.7578213,11604.1953
Vahid Market Masazır,40.4847001,49.7574826,11604.017
Tural Allahverdiyev Biləndər,40.4389415,49.757439,11604.8656
AY Şərab evi Masazır,40.4904745,49.7565412,11604.1405
Aslanlı Market Sulutəpə,40.4338433,49.7555283,11604.0946
Kiosk Ramil Masazır,40.4673282,49.7544215,11604.0662
Kiosk Əfqan Masazır,40.4767576,49.7527675,11604.1104
Yeni Bakı Çay evi Masazır,40.4915567,49.7493242,11604.4844
Borçalı Market Lökbatan,40.3265959,49.7488344,11604.2362
Zaur Məmmədov Nazim,40.4485807,49.7477149,11604.7959
Eyvaz Şahməmmədov Seyidverdi,40.4544118,49.7453131,11604.8596
Bəxtəvər Həşimov Əşirəf,40.4415404,49.7445026,11604.8657
Yadigar Fərzəliyev Nəsir,40.4605924,49.7444456,11604.8095
Qarabağ Qaziləri Market Lökbatan,40.3275876,49.7436191,11604.22
Pərakəndə Araz Supermarket Masazır,40.4700222,49.742385,11604.8673
Pərakəndə Araz Supermarket Abşeron,40.4700222,49.742385,11604.8671
Pərakəndə Araz Supermarket Xırdalan,40.4556191,49.7415154,11604.868
Bəxtiyar Xubyarlı Ehtibar,40.4556016,49.741509,11604.7654
Fortuna Trade MMC,40.4557149,49.7410393,27083
Pərvin Səfərəliyev Oktay,40.4552304,49.7382692,11604.7829
Fədai Hüseynov Araz,40.321927,49.7342198,11604.8565
Zakir Quliyev Axan,40.3219298,49.733675,11604.8669
Elnur Talıbov Bayram,40.3220059,49.7329329,11604.8033
Həbib Mollayev Nadir,40.3220199,49.7306522,11604.8566
Əmir Market Sulutəpə Mexkalon qə,40.4439375,49.729004,11604.224
Emil Alışov Kamal,40.3262226,49.728164,11604.8036
Rəfail Fərzəliyev Səfərəli,40.3250795,49.7272043,11604.799
Yusif Market Xırdalan,40.4618977,49.7252398,11604.4456
Əli Market Saray,40.5321388,49.7243948,11604.039
"	Aurora Kosmetika dükanı Xırdalan",40.4584232,49.7238715,11604.4898
Bulud Market Lökbatan,40.3273976,49.7181668,11604.067
Səfəralı Əliyev Əli,40.43237853,49.7140422,11604.811
Narıncı Market Saray qəsəbəsi,40.5478625,49.7130416,11604.2496
Alco Stop Şərab evi Sumqayıt,40.5584687,49.7085429,11604.4725
Kiosk Sərvin Sumqayıt 18 MKR,40.5588244,49.706065,11604.2541
Səlim Alıyev Rəhim,40.5596863,49.6980396,11604.8609
Azər Əsgərov Tofiq,40.5612937,49.6939534,11604.812
Nəsrəddin Bəkirov Bəkir,40.5686965,49.6920167,11604.8607
Sadiq Həşimov Əlövsət,40.5701726,49.6896732,11604.8608
Vaqif Gülhəsənov Məstəli,40.5659965,49.6859515,11604.861
Təhmasib Əsgərov Azər,40.5664249,49.6847804,11604.8186
Kərim Market Sumqayıt,40.5665771,49.684562,11604.0006
Smoke House Sumqayıt,40.5792969,49.6844757,11604.2808
Gövhər Market Sumqayıt,40.5725585,49.683792,11604.0869
Vortex Vape Köşk Sumqayıt 1 MKR,40.5861237,49.6829261,11604.2498
Oqtay Abdullayev Nəriman,40.5840507,49.6798327,11604.8553
Kiosk Nail Sumqayıt,40.5867805,49.6786344,11604.2468
Cəfər Qaçayev Cərulla,40.5887397,49.676234,11604.8552
İsmayıl Həsənov Məhəmməd,40.5903129,49.6753411,11604.8605
Bəxtiyar Dəmirov Bayram,40.5832366,49.6744999,11604.8604
Kiosk Rauf Sumqayıt,40.5882285,49.6734579,11604.2408
Rafiq Əliyev Miri,40.5881239,49.6733758,11604.8616
Teymur Bayramov Nizaməddin,40.5884362,49.6732056,11604.8621
Ramin Bayramov Bayram,40.5900165,49.6723797,11604.8617
Rövşən Aslanov Ələsgəroviç,40.5868903,49.670432,11604.8618
Telman Məmmədov Mustafa,40.5864497,49.6701666,11604.862
Qalib Babayev Elman,40.5854907,49.6673539,11604.8615
Emil Market Sumqayıt 41,40.5831852,49.6668844,11604.2519
Teymur Əbilov Kamil,40.585782,49.6667487,11604.8729
Əmrah Kərimli İslam,40.5844563,49.6653979,11604.8736
Eyvaz Məsiyev Rüstəm,40.600626,49.6644861,11604.8206
Kiosk Zahid Sumqayıt,40.5963522,49.6632131,11604.1007
Namik İbrahimov Mustafa,40.4680215,49.6202415,11604.8079
Taleh Market Qızıldaş,40.2993467,49.6010435,11604.1503
Məhərrəm Salahov Mustafa,40.3062812,49.6001675,11604.7789
Bahadur Market Sahil,40.2287983,49.583485,11604.0097
Ülviyyə Cabbarova Əziz,40.2262192,49.5749185,11604.7966
Rüstəm Mehdiyev Mehdi,40.2259931,49.5741995,11604.7986
Elşad Əliyev Mürşüd,40.2200262,49.5723814,11604.8556
Loğman Xalıqov Vəzirxan,40.6189276,49.5625564,11604.8606
Səbuhi Əmrəliyev Sabir,40.0837027,49.412004,11604.8356
Ruslan Market Ələt,39.9489478,49.4102103,11604.1619
Ələt Market Aqil,39.9554767,49.4089033,11604.006
YUSİF petrol Market Ələt,39.9647665,49.407194,11604.024
Avto Ehtiyyat hissəl Qurban Hacıqabul,39.9722611,49.2582498,11604.1915
Pərviz Market Neftçala,39.3748519,49.2502738,11604.4583
İlkanə Mirzəyeva Əli,41.0704563,49.1168181,11604.864
Mütəllim Quliyev Namiq,41.074576,49.1131352,11604.8641
Yaşar Babayev Qeybulla,41.0762424,49.1113507,11604.8642
Yeni Market Yenikənd Xələc Salya,39.7278917,49.1068883,11604.2152
İdeal Market Salyan,39.7111352,49.0823112,11604.0607
Tarverdiyev Adil Əsədgül,41.1613127,49.0765273,11604.8733
Firudin Market Salyan,39.704561,49.0732894,11604.0392
İsmayıl Market Neftçala,39.4298512,49.0321048,11604.0365
Hüseyin Market Şabran,41.2138972,49.0031807,11604.1142
Elvin Mirzəyev Mirzə,41.2101252,48.9967919,11604.8659
İlkin Etibarlı Market Salyan,39.5603967,48.9906817,11604.2418
Hədiyyələr Market Şabran,41.2047499,48.9886455,11604.1095
Həsən Market Salyan,39.5968004,48.9829781,11604.028
Çingiz Vəliyev Ağayar,41.2022032,48.9811225,11604.8658
Raqif Market Salyan Qarabağlı,39.7757039,48.9787145,11604.1438
Mahir İbrahimov İbrahim,39.5901949,48.9749789,11604.7784
Vağzal Köşk Salyan,39.5898516,48.9741382,11604.1591
Anar Bədirxanov Ariz,39.7717317,48.9738167,11604.7627
F M Market Şabran,41.2049899,48.9736762,11604.0413
Elvin Nəzərov Hacıməmməd,39.7832889,48.9647655,11604.8196
Rafət Market Salyan,39.5610826,48.9595961,11604.106
Babək Market Salyan,39.764741,48.9595339,11604.0517
Elgün Market Salyan,39.5540286,48.9552494,11604.0305
Noxudlu Market Salyan,39.6474115,48.9533914,11604.1241
Arif Hümbətov Yunis,39.9605113,48.947969,11604.8124
Emin Market Şirvan,39.9572794,48.9467271,11604.1698
Endi Meyvə dükanı Hacıqabul,40.00764,48.9446933,11604.1813
Seyidhəsən Market Hacıqabul,40.0327589,48.9446273,11604.1572
Köşk Təvəkkül Şirvan,39.954817,48.9443383,11604.0616
Yeganə Market Şirvan,39.9623086,48.9435106,11604.0644
Kiosk Şəfi Şirvan,39.955861,48.9416502,11604.4581
İsmayıl Mirzəzadə Saleh,39.9554829,48.9413981,11604.8537
Milla Market Şirvan,39.9610322,48.9413902,11604.1845
Aybəniz Market Şirvan,39.9523952,48.9412416,11604.0292
Rafiq Meyvə dükanı Şirvan,39.952612,48.9411138,11604.162
Əlisafa Market Şirvan,39.95174,48.9407149,11604.0062
Ceyhun Kərimov Əbülfəz,39.9519179,48.9397811,11604.8405
Şöhrət Market Şirvan Hacıqəhrəmanl,39.8801459,48.9288728,11604.0287
Qismət Market Hacıqabul,40.0476461,48.9263508,11604.0893
Bakı Market Salyan,39.5139252,48.9246819,11604.0345
Bakı Kafe Salyan,39.5139278,48.9246401,11604.5355
Mərəzə Market Şamaxı,40.5329505,48.9243461,11604.1432
Vüqar Market Şirvan,39.9411399,48.9227477,11604.0446
Qardaşlar Market Niyazabad kənd Xaçmaz,41.5176871,48.9191363,11604.191
Şamil Market Şirvan,39.9433235,48.9170218,11604.0445
Dost Market Şamaxı,40.5342318,48.9149988,11604.4924
Bizim Market Azadkənd Salyan,39.8181795,48.9096992,11604.2075
Çay evi Yaşar Şirvan,39.9332927,48.9075764,11604.1237
Gəndov Market Şabran,41.2587483,48.9050163,11604.0426
Elnur Market Şirvan,39.9474172,48.8933747,11604.0011
Ailə Market Çarxı kənd Xaçmaz,41.3968181,48.8781089,11604.195
Mehman Axundov Aydın,38.4503526,48.8742951,11604.8327
Məhəllə Market Astara,38.47453,48.8715062,11604.0655
Əbülfəz Fərzullayev Əmir,38.4712108,48.8708651,11604.7668
Coşqun Market Astara,38.47153,48.8695649,11604.2109
Vüqar Əşrəfbəyli Nizami,38.753295,48.8506934,11604.8652
Əzizə Kələntərli Saleh,38.7533,48.8504624,11604.8192
Rövşən Hüseynov Hüseynağa,38.7539064,48.8495329,11604.8651
Zamin Abdullayev Əlövsət,38.7538534,48.8494976,11604.8329
Aygül Market Astara,38.5995016,48.8485582,11604.0609
Fərhad Kərəmzadə Fərhad,38.753391,48.8480054,11604.8291
Mahir Nəsrullayev Akif,38.7619216,48.8415401,11604.865
Amid Haşimzadə Rasim,38.7579738,48.8403799,11604.8289
Ayaz Market Ramin Lənkəran,38.7586505,48.839994,11604.1901
İbo Market Lənkəran,38.7737532,48.8397807,11604.0951
Ayaz 2 Market Lənkəran,38.7595196,48.8384663,11604.0785
Rəsul Cabbarov Şiri,38.7406579,48.8325987,11604.8347
Seymur Market Astara,38.4985418,48.8310991,11604.0719
Anar Ağayev Əhmədağa,38.7782044,48.825331,11604.8404
Şamil Market Xaspolad-Oba kənd Xaçmaz,41.4848249,48.8247292,11604.2229
Onur Market Lənkəran,38.7388591,48.8230732,11604.2166
Elman Market Xaçmaz,41.4705355,48.8160977,11604.2266
Günel-Liman Market Lənkəran,38.8539426,48.8134202,11604.1654
Bərəkət Market Masallı,39.0452941,48.8123317,11604.0674
Ziya Market Xaçmaz,41.4531904,48.8097093,11604.1267
Nihad Market Lənkəran Liman,38.8738247,48.8096508,11604.1724
Elnur Əliyev Turab,38.7002064,48.8074428,11604.769
Fuad Əkbərov Musaqət,38.8778261,48.8069127,11604.7706
Xəzər Lənkəran Şərab evi Lənkəran,38.8782801,48.8067049,11604.1417
Rəşad Həmidov Həmid,41.466279,48.804176,11604.8635
Zahid Məmmədəliyev Ramiz,41.4663855,48.8040149,11604.8543
Fikrət Niftiyev Nifti,38.8880317,48.80367,11604.8505
Məhəmməd İzzətli İzzət,38.8866468,48.8027178,11604.7788
Vəsilə Həsənova Xalidşah,41.4567563,48.8025756,11604.8542
Zaur Qəhramanov Nizamədin,41.4565978,48.8024401,11604.8544
Kərim Sadıqov Elçin,41.4608425,48.7980965,11604.8257
Karusel Market Xaçmaz,41.4629772,48.7948961,11604.0435
Cəfər Xıdırov İsa,41.4546578,48.7914775,11604.8539
Fortuna Trade MMC,41.4546578,48.7914775,27086
Təhran Tahirov Hakimşah,41.4549489,48.7912577,11604.8636
Elnur Nurməmmədov Çingiz,41.4533977,48.7906192,11604.854
Eynulla Səfərəliyev Bəhram,41.4531924,48.7896823,11604.8541
Telman Market Masallı,39.042153,48.7795381,11604.1297
Şaban Mirzəyev Oğlan,38.795355,48.7772787,11604.7881
Rüstəm Market Sabirabad,39.9955085,48.7682568,11604.0505
Varid Market Lənkəran,38.7168849,48.7650626,11604.2127
Uğur Market Müzəffəroba kənd Xaçmaz,41.5003458,48.7642835,11604.2393
Sərvər Market Lənkəran,38.76334,48.762796,11604.1181
Boladi Şərab evi Lənkəran,38.8899275,48.7608809,11604.169
Elnur Market Sabirabad,39.9290362,48.7537927,11604.0559
Səbuhi Market Sabirabad,39.9966108,48.7454191,11604.0549
"	Vəfalı Market Şamaxı",40.432285,48.7392117,11604.4879
Yusif Şağlaser Market Lənkəran,38.8646501,48.7355747,11604.1312
Ailə Market Masallı,38.9926855,48.72769,11604.0729
Ozal Market Quba,41.3468533,48.7254521,11604.0476
Kamran Məmmədov Hacı,41.571866,48.722911,11604.8123
Müşfiq Market Lənkəran,38.870996,48.7207843,11604.0738
Özcan Market Lənkəran,38.8808176,48.7186203,11604.2046
Laçın Market Talışkənd Hacıqabul,40.0500658,48.7148354,11604.2405
Sədaqət Şükürov Əlisultan,38.92194,48.7062733,11604.8328
Super Market Xaçmaz,41.4039247,48.7057347,11604.2239
042 Market Lənkəran,38.7274803,48.7046089,11604.1677
Emin Market Lənkəran Osaküçə,38.8133402,48.7030609,11604.1721
Mais Qardaşov Ələkbər,38.9417202,48.6952609,11604.8017
Murtuz Market Nabran,41.7634913,48.6943119,11604.2194
İlham Market Masallı,38.9078287,48.6904815,11604.2202
Azər Quliyev Rafail,41.6229705,48.6862716,11604.7988
Vüsal Kafe Amsarqışlaq kəndi Quba,41.38111,48.682454,11604.1761
Hikmət Market Masallı,39.1264307,48.6700535,11604.0744
Ramil Market Masallı,38.8973669,48.6694033,11604.0624
Tamerlan Ağayev Sənan,39.0236039,48.6689171,11604.8326
Rusif Babaşlı Feyruz,39.0241047,48.6685968,11604.8325
Nazxanım Qasımova Balaəli,39.0252211,48.6680447,11604.8323
İlkin Bağıyev Əzizağa,39.024437,48.6679095,11604.859
Fortuna Trade MMC,39.024437,48.6679095,27038
Ziba Kiosk Masallı,39.0111427,48.6511795,11604.2528
Uğur Heydarov Musa,40.6263012,48.6471993,11604.7929
Şimal Market Quba,41.3542515,48.6467204,11604.0555
Zəfər 44 Market Quba,41.3969532,48.6435059,11604.466
Anar Market Şamaxı,40.6390126,48.6431954,11604.0698
Vegas Market Şamaxı,40.6423217,48.6427974,11604.4642
Rəsul Dadaşov Seyidağa,40.6410313,48.6373056,11604.7867
Mini Market Şamaxı,40.6102025,48.6369911,11604.1517
Mirpaşa Market Şamaxı,40.6096744,48.6361374,11604.1532
Şamaxı Restoran Şamaxı,40.6346561,48.6151839,11604.163
Qoşqar Market Biləsuvar Xırmandalı,39.448285,48.6148795,11604.1482
Sənan Market Sabirabad,39.9633733,48.6111451,11604.0469
Fuad Əhədov Ziyadxan,39.0804752,48.603011,11604.7705
Əli Market Bağırlı kənd Ağsu,40.4567604,48.5990701,11604.2621
Fortuna Trade MMC,39.1163368,48.5951919,27076
Hikmət Əzizov Tahir,39.1159083,48.59505,11604.7714
Seymur Dadaşov Sabir,39.1164604,48.5949925,11604.7911
İbrahim Əhədov Rasim,39.1208446,48.5907949,11604.8262
Malik Market Cəlilabad,39.2868348,48.5799899,11604.2231
Fikrət Market Cəlilabad,39.2855758,48.5687792,11604.2251
Balağa Market Sabirabad,40.1135741,48.557346,11604.2381
Yaşıl Yanacaq doldurma Mən Quba,41.3287806,48.553769,11604.2033
Port Market Vladimirovka kənd Quba,41.401194,48.5511263,11604.1976
Namiq Market Sabirabad Yeni Padar,40.2116937,48.5503198,11604.1598
Həsən Market Biləsuvar,39.4509232,48.5492769,11604.1486
Ruslan Market Sabirabad,40.2564167,48.5448666,11604.0888
Bəhruz Market Biləsuvar,39.4558977,48.5445624,11604.0497
Sizin Market Biləsuvar,39.4664517,48.5409619,11604.2174
PAK Market Şirinbəy kənd Saatlı,39.8835019,48.5408295,11604.4663
Turan 2 Market Biləsuvar,39.4494436,48.5346987,11604.1161
Ələddin Market Cəlilabad,39.3137723,48.5294385,11604.2232
Şəmsi Əkbərov Elxan,39.1315674,48.5290167,11604.7907
Rahib Əliyev Ağarza,41.3615107,48.5289092,11604.84
Elçin Bayramov Yasəf,41.3602135,48.5287875,11604.8304
Azər Rüstəmzadə Fikrət,41.3620463,48.5287812,11604.8403
Elvin Əliyev Elxan,41.3621566,48.5284251,11604.8398
Zəfər Əliyev Əliqulu,41.3605673,48.5270192,11604.8402
Telman Zeynalov Ənvər,41.3611651,48.5260873,11604.8401
Elşad Şahbazov Əhməd,41.36121,48.5255774,11604.8397
Əziz Bağırov Abduləli,41.3621443,48.5252467,11604.8399
Mübariz Market Sabirabad Surra,40.080473,48.5204205,11604.0651
Zəka Nağıyev Səyyad,39.2124041,48.513819,11604.7962
Məhəmməd Market Quba,41.3627691,48.5115108,11604.1967
Bulaqlı Market Sabirabad,39.9788494,48.5086851,11604.0529
Fortuna Trade MMC,39.21117,48.5061433,27078
Elşən Məhərrəmov Mənsur,41.3621941,48.5054885,11604.8464
Ağaxan Həsənov Mirzəxan,39.20922,48.4979918,11604.8178
Nicat Market Saatlı,39.9316957,48.4939729,11604.1633
Əzizağa Əsgərov Nazim,39.9386296,48.4917465,11604.8332
Mini market Mirəli Sabirabad,40.0098335,48.4831857,11604.2403
Fərid 2 Market Sabirabad,40.0207502,48.4776578,11604.0798
Əzizağa Market Sabirabad,39.9975607,48.4744755,11604.129
Bəxtiyar Orucov Malik,40.0057281,48.4708053,11604.8341
Tofiq Zeynalov Çapar,40.0021885,48.4703968,11604.8339
Lukoil Market Pərvin Sabirabad,39.9889453,48.4698526,11604.2361
Tural Abdullayev Bilal,40.0334583,48.468375,11604.834
Fərid Köşk Sabirabad,39.9901431,48.4638717,11604.0767
Rafiq Market Sabirabad,39.9901617,48.4638617,11604.2306
Məhərrəm Rüstəmov Məzahir,39.9899677,48.4630961,11604.8632
Əziz Market Sabirabad,39.9718967,48.4601267,11604.1478
Zaur Market Sabirabad Qalağayın,39.9770194,48.458423,11604.1479
Şirin Abdullayev Abdulla,41.4317405,48.4427139,11604.8538
Anar Qənbərov Salam,38.7736667,48.41487,11604.829
Zahid Store Market Ağsu,40.5575402,48.4042468,11604.16
Komsomol Market Ağsu,40.5669727,48.3993722,11604.1173
Xəlil Market Saatlı,39.9492636,48.3992035,11604.1862
İlham Bəşirov Sübhan,40.5783976,48.3953071,11604.7721
Asəf Babaşov Ağası,40.5809233,48.3952183,11604.8512
Samil Səfərov Durxan,40.5809867,48.3949788,11604.8182
Yaşar Hüseynov Tofiq,40.5791515,48.3948466,11604.866
Nicat Market Ağsu,40.5657356,48.3924505,11604.1474
Az-Granata Şərab evi Ağsu,40.5667974,48.3917406,11604.4533
Mirzaman Kamilov Mirhüseyn,40.5664645,48.3913314,11604.8116
Elsevər Market Saatlı,39.9385075,48.3880603,11604.1552
Elvin 3 Market Saatlı,39.9425614,48.3848637,11604.1678
VİP Market Ağsu,40.5740771,48.3843417,11604.0686
Bizim Market Ağsu Zaur,40.5744912,48.3836718,11604.4577
Fazil Həbibov Əlpaşa,39.93946,48.3778785,11604.86
Rövşən Dostaliyev Dostalı,39.93868361,48.37169981,11604.8333
Əli Cəfərov Qasım,39.9387993,48.3712429,11604.8293
Elşad Kərimli Şirin,39.9385711,48.3706318,11604.8598
Tahir İbadov Mahir,39.938137,48.3635755,11604.8603
Emin Həşimov Əfqan,39.9374152,48.3626962,11604.8599
Oktay Market Saatlı,39.9346746,48.3598629,11604.1353
Kamran Market Ağsu,40.5845808,48.3571817,11604.0882
Mirrəsul Süleymanzadə Baxşeyiş,39.9199692,48.3529229,11604.8602
Adil Market İsmayıllı,40.7858073,48.3138491,11604.044
Əkrəm Turabov Turabxan,39.5447533,48.31328,11604.8522
Ariz Market Saatlı,39.8760029,48.278758,11604.142
Elşən Əməşov Ehtimat,38.9091733,48.2578367,11604.8324
Alim Market Gəraybəyli kənd Ağsu,40.6273559,48.2111746,11604.2268
Ərkan Market İsmayıllı,40.7837194,48.1687004,11604.2265
Fərid Market İsmayıllı,40.7941244,48.1685049,11604.0459
Günəşli Market İsmayıllı,40.7853559,48.1680693,11604.2983
Bizim Market İsmayıllı,40.7930671,48.1665248,11604.1625
Super Market 2 İsmayıllı,40.7907294,48.1630592,11604.2271
Şəmsəddin Seyidzadə Elxan,40.3468439,48.1583664,11604.8629
Samir Quliyev Yaqub,40.341484,48.1568547,11604.8668
Ramin Rzayev Hüseyn,40.3413194,48.156066,11604.835
Rəfail Sadıqov Əlismayıl,40.3413149,48.1560473,11604.8627
Nihat Market İsmayıllı,40.7816216,48.1559929,11604.0842
Nicat Xalıqov Ələsgər,40.3410353,48.1557827,11604.8626
Asif Market İsmayıllı,40.7898126,48.1540757,11604.0461
Ruzi 2 Market İsmayıllı,40.7913992,48.1539766,11604.1341
Fortuna Trade MMC,40.3384764,48.1535863,27055
Rasim Kərimov Qabil,40.3384764,48.1535863,11604.8625
Fortuna Trade MMC,40.7915902,48.1530285,27067
Nəvai Allahverdiyev Məzahim,40.7907819,48.1524229,11604.8314
Paşa Market İsmayıllı,40.7921001,48.1522879,11604.0708
Turab Əliyev Məhərrəm,40.3361618,48.1517467,11604.8631
Saday Nəsirov Qaroğlan,40.3350201,48.1517386,11604.8628
Seymur Əliyev Həmid,40.3327205,48.1506802,11604.863
Fərman Mustafayev Ağasəməd,40.78843429,48.14791922,11604.8042
Bolluq Market İsmayıllı,40.7852663,48.1474578,11604.0569
SPAR Market İsmayıllı,40.7868072,48.1460937,11604.0447
Şirvan Market İsmayıllı,40.7821322,48.1424832,11604.0472
Quşencə Market İsmayıllı,40.7783162,48.137461,11604.0499
Dostluq Market İmişli,39.8896971,48.1274366,11604.0588
Bərəkət Market Quşencə kənd İsmayıl,40.7367367,48.1157967,11604.2781
Məhəmməd Market İmişli,39.8765256,48.0782545,11604.0786
Kəndimiz Market Topçu kənd İsmayıllı,40.8762784,48.0652048,11604.2402
İlham Pənahov Tofiq,39.8563282,48.0644316,11604.8535
Mirsənan Kərimov İlqar,39.869875,48.0625667,11604.8523
Müqabil Əliyev Valeh,39.8691141,48.0620125,11604.8524
Elməddin Quliyev Vilayət,39.8699995,48.0615268,11604.8534
"	Elnur Məmmədov İsmayıl",39.8683373,48.0614126,11604.8728
Fortuna Trade MMC,39.8681633,48.0596133,27085
Duman Məstəliyev Valeh,39.7064494,48.05434,11604.8521
Rəmzi Market İmişli,39.8681138,48.0500582,11604.1409
Elvin 2 Market İmişli,39.7753572,48.0373019,11604.1124
Dəyanət Market İmişli,39.7714596,48.0356255,11604.1407
Mini Market İsmayıllı,40.7480371,48.0310921,11604.145
Yaşıl Market Qaraməryəm Göyçay,40.6154107,48.0139712,11604.185
Teyyub Market İsmayıllı,40.6144319,48.0125585,11604.0512
Nihat Market İmişli,39.736114,48.0117916,11604.1354
Aran Market Ağsu Qaraməryəm,40.6143034,48.0092925,11604.057
Taleh Market Şahverdili İmişli,39.7971074,47.9918673,11604.2959
Diskont Market İmişli,39.7928886,47.985876,11604.0788
Fəqan Market İncə Göyçay,40.5610738,47.9759034,11604.15
Çehun Hüseynov Əli,39.7351989,47.9524524,11604.8533
Elşən Məmmədov Kamil,40.9795495,47.8493177,11604.8526
Cavid İsayev Fəxrəddin,40.9795567,47.8492739,11604.8349
Fortuna Trade MMC,40.9797642,47.8483308,27082
Səfa Mirzəyev Kəramət,40.979758,47.8480814,11604.8662
Adəm Allahverdiyev Əvəz,40.9798616,47.8477687,11604.8661
Elşad Bayramov Əlisurət,40.9798067,47.8475995,11604.7693
Soltan Market Lekciplaq kənd Göyçay,40.5699934,47.8233616,11604.1873
Azər Əzizov Novruz,40.9188503,47.8010627,11604.8158
Asif Market Yuxarı Çəmənli Beylə,39.6711754,47.7938833,11604.2338
Cəyirli Market Göyçay,40.6022093,47.7635593,11604.1871
Qardaşlar Market Beyləqan,39.7670982,47.7596958,11604.062
Elnur Market Beyləqan,39.7754919,47.7562034,11604.1235
Aydın Şəfiyev Həmdulla,40.6395749,47.7472953,11604.7646
Qızıl Dükanı Göyçay,40.6451939,47.7437098,11604.2661
Fortuna Trade MMC,40.6503573,47.7414058,27060
Mübariz Behbudov Ağamahmud,40.6501589,47.7400139,11604.8611
Ağa Market Alpı kəndi Ucar,40.4938801,47.736631,11604.2701
Sərvər Market Potu kənd Göyçay,40.6168941,47.7335616,11604.2414
Rəyal Əzimov Fizuli,40.9303859,47.7330723,11604.8175
Hünər Market Göyçay,40.6498728,47.7262049,11604.2065
Əla Market Beyləqan,39.730299,47.7235013,11604.4465
Elçin İsmayılov Məcid,40.2158783,47.7150633,11604.8548
Çingiz Fərzəliyev Fərzalı,40.2138882,47.711636,11604.8302
Bolluq Market Hüngütlü kənd Göyçay,40.6019172,47.709116,11604.2106
Pərviz Manafov Həsən,40.2257883,47.70849,11604.855
Zaur İsayev Qeydar,40.2292226,47.7082175,11604.8551
Luks Market Ərəbcəbirli kənd Göyçay,40.6502032,47.7073963,11604.2269
Fortuna Trade MMC,40.2122505,47.7033123,27059
Azər Sarıyev Calal,40.2122028,47.7032015,11604.8345
Tuncay Market Beyləqan,39.633651,47.6847004,11604.2696
Qazyan Market Qazyan kənd Ucar,40.420594,47.6720466,11604.2624
Ceyhun Şıxıyev Əlimusa,40.5060322,47.6588113,11604.8301
Elvin İbrahimov Heydar,39.6122463,47.6580397,11604.8335
Sevinc Market Beyləqan,39.6910107,47.6570704,11604.0603
Elçin Aslanov İbad,39.7729904,47.6211502,11604.8021
Pənah Hümbətov Marks,39.7697957,47.6195422,11604.8348
Murad Market Xaçmaz kənd Oğuz,41.041631,47.605976,11604.269
Əla Market 2 Beyləqan,39.7685954,47.6037658,11604.0861
Elçin Market Kükəl kənd Ağdaş,40.6711677,47.5739634,11604.2668
Murad Market Qaradağlı  Ucar,40.495545,47.5701098,11604.2984
Fortuna Trade MMC,39.5581247,47.5637956,27064
Təbib Yaqubov Əhliman,39.5581247,47.5637956,11604.8105
Nadir Mirzəyev Murad,39.5577611,47.5634193,11604.8336
Amin Məmmədov Azim,39.5578782,47.5626926,11604.8612
Emil Market Şəmsabad Ağdaş,40.6346629,47.5596003,11604.2462
Bəxtiyar Mikayılov Qəşəm,40.1682543,47.5595646,11604.8549
Vüqar Market Beyləqan,39.8445179,47.5342452,11604.061
Çinar Market Qəsil kənd Ağdaş,40.6423881,47.5187075,11604.2952
İstiqlal Market Ağdaş,40.6572013,47.4995714,11604.2594
Nizami Market Ağdaş,40.6468489,47.4987556,11604.2446
Cəfəroğlu Market Beyləqan,39.8881842,47.4957366,11604.0638
Vip Hədiyyələr Cümşüd Ağdaş,40.6484065,47.4900868,11604.2563
Röyal Məmmədov Rayəddin,40.6444274,47.4742686,11604.8643
Zakir Market Ağdaş,40.645681,47.4726205,11604.261
Vasif Lətifov İlqar,40.6420387,47.4714116,11604.7975
Fortuna Trade MMC,40.6420929,47.4712806,27041
Etibar Market Oğuz,41.068497,47.4618447,11604.4434
Samir Əliyev Mirhacı,40.0513322,47.4602538,11604.8373
Qoşqar Bayramov Məhəmməd,40.0524532,47.4588914,11604.7836
Rövşən İbrahimov Məmmədəli,40.0448546,47.4561672,11604.7871
Taleh Nuriyev Xankişi,40.0492642,47.4548137,11604.8104
Orxan Market Qoşaqovaq Ağdaş,40.7155166,47.4448274,11604.251
Ləki Telecom Ləki Ağdaş,40.5592923,47.4274697,11604.2477
Nar telecom Kamil Ləki Ağdaş,40.5469372,47.4229228,11604.2982
Orxan Əliyev Ədalət,40.0407075,47.417808,11604.7826
Ceyhun Hacıyev Xanbala,39.5672811,47.4042844,11604.8337
Yusif Market Qumlax kənd Ağdaş,40.6496769,47.3830782,11604.2581
Super Market Azər Ləmbərən Bərdə,40.2175117,47.310247,11604.2627
Araz Market Bərdə,40.3210001,47.279418,11604.1655
Bizim Market Mustafaağalı Bərdə,40.3254661,47.2710108,11604.2321
Pərviz Market Nəcəfqulubəyli Bərdə,40.4456754,47.2550533,11604.2335
Emin Market Şəki,41.1901846,47.2451108,11604.1726
İlkin Market Zəyzid kənd Şəki,41.1607623,47.2383443,11604.2227
32lər Market Bərdə,40.3864,47.2376186,11604.02
Zəyzid Market Orta Zəyzid kənd Şəki,41.1385902,47.2322176,11604.1933
Çayxana Vasif Yevlax,40.7334427,47.2276042,11604.2979
Azər Market Kolayır Bərdə,40.3724,47.222875,11604.0188
Xaldan Super market Yevlax,40.7106958,47.2186292,11604.2028
Sadıx İsmayılov Şahmar,40.0778197,47.198589,11604.7885
Almaz Market Şəki,41.2004061,47.1952177,11604.1771
Şamxal Market Bərdə,40.3370187,47.1823056,11604.187
Körpü Market Yevlax,40.6169467,47.1796533,11604.0256
Vətən Market Şəki,41.2102369,47.1781786,11604.1898
Ucuzluq Market Şəki,41.2095466,47.1744563,11604.1943
Eldar Paşayev Vahid,41.2009656,47.1676894,11604.8653
Qalib Fərəcov Əlieylan,41.2016993,47.1675172,11604.7832
Ənvər Mehdiyev Baxtiyar,41.201626,47.1662572,11604.8564
Zahir Tural Market Yevlax,40.6137928,47.1522822,11604.0255
Ramil Qocayev Mahir,40.616412,47.1500428,11604.7976
Xan Market Bərdə,40.3790965,47.1477345,11604.4857
Faiq Hüseynov Mehti,40.6147447,47.1477338,11604.7541
Kiosk Elcan Yevlax,40.6145481,47.1475669,11604.2258
Cavanşir Məmmədov Oqtay,40.6098238,47.1468966,11604.8315
Kiosk Əhməd Yevlax,40.609098,47.1466553,11604.4461
Elnur Ələkbərzadə Alim,40.6094266,47.1462537,11604.8555
Ramazan Dadaşzadə Rafail,40.5975381,47.1444316,11604.8503
Yolüstü Market Bərdə,40.3759681,47.1330259,11604.1067
Azər Market Bərdə,40.3681199,47.1293967,11604.1221
İsmayıl Səmədli Namiq,40.3629719,47.1287789,11604.8305
Yusif İsayev Məhəmməd,40.3705408,47.1268755,11604.8639
Zakir Məmmədov Umud,40.3718643,47.126647,11604.8367
Köşk Hüseyn Bərdə,40.3725718,47.1262944,11604.117
Qarabağ Market Murad Bərdə,40.3828021,47.1243828,11604.2481
İsmayıl Əzimov Mübariz,40.3841787,47.1243438,11604.8638
Rəşad İsayev Cəfər,40.385011,47.1242301,11604.8637
Novruz Niftiyev Sətdar,40.385011,47.1242301,11604.8034
Ruslan Məcidov Firdovsi,40.3845681,47.12391,11604.7877
Orxan Abduləzimov Fəxrəddin,40.3837822,47.1233976,11604.8198
Qadir Yusifov Adil,40.4110203,47.122157,11604.7831
Təyyar Market Baş Göynük Şəki,41.3283754,47.120734,11604.1866
Fərman Kərimov Şamxay,40.3746694,47.1178857,11604.8352
İlkin Kiosk Bərdə,40.3741215,47.1150922,11604.2533
Rövşən İmranov Əhməd,40.3743331,47.1148503,11604.8128
Arifə Bağırova Şiraslan,40.3737436,47.112883,11604.8732
Fərid Market Bərdə Qəhrəmanlı,40.4565808,47.0813798,11604.1338
Tərxan Əhmədov Qasım,40.7647873,47.0622843,11604.8649
İlkin Mirzəyev Alıyar,40.7666577,47.0574546,11604.8506
Fortuna Trade MMC,40.7677264,47.0572314,27075
Rufan Quluzadə Vaqif,40.7677264,47.0572314,11604.8292
Rəşad Əliyev Elşad,40.7672987,47.0560005,11604.8083
Xarı Bülbül Market Sarıcalı Ağdam,40.0889374,47.0483519,11604.2384
Qafqaz Market Mingəçevir,40.7715598,47.0474121,11604.2486
Sərxan Market Mingəçevir,40.7728692,47.014295,11604.0362
Sərxan Çay evi Mingəçevir,40.772843,47.0140478,11604.2775
Şamil Qurbanov Nazim,40.7698543,46.9961227,11604.7893
Bəşir Əsgərov Əsgər,40.7698439,46.9955724,11604.7653
Qasımov Semur Hümbət,40.3416532,46.9320858,11604.8194
Nəsir Məmmədli Rövşən,40.3405987,46.9319682,11604.8613
Əsgər Market Tərtər,40.3424663,46.9261137,11604.0379
Elşən Sultanov Aydın,41.419475,46.9177967,11604.8394
Payız 74 Market N 1 Qax,41.4203004,46.917535,11604.1902
Nizami Məmmədov Ziyad,41.4189409,46.9156634,11604.8395
Min Ləvazimat Market Qızılhacılı kənd Goranboy,40.5736428,46.850005,11604.2041
İdeal Market Qızılhacılı kənd Goranboy,40.5747244,46.8497424,11604.2167
Ceyhun Yusifov İftixar,40.575674,46.8480534,11604.8453
Hafiz Market Naftalan,40.5074873,46.8153563,11604.2034
TAC Market Goranboy,40.6112684,46.7949803,11604.1951
Roman Məmmədov Danyel,40.6072394,46.787757,11604.8003
Ülvi Hüseynzadə Zaur,40.6076311,46.787629,11604.8296
Zaman Abdullayev Afaydın,40.6071899,46.7876216,11604.7957
Gülüstan Market Goranboy,40.5991684,46.7816944,11604.1993
Bizim Market Tapqaraqoyunlu Goranboy,40.4377123,46.7712461,11604.2169
Şahmar Market Goranboy,40.545447,46.7685189,11604.204
Ozal Market Tapqaraqoyunlu Goranboy,40.4292141,46.7684675,11604.217
Nur Market Güllük kənd Qax,41.5018472,46.7629414,11604.208
Çinar Market Qaramusalı kənd Goranboy,40.7271545,46.7537124,11604.1878
Bəhram Market Zaqatala,41.5368427,46.7012662,11604.2012
Elman Market Kələk kənd Goranboy,40.728882,46.6835586,11604.1877
Çinar Market Zeyvə kənd Goranboy,40.4623993,46.6834033,11604.2158
Elşən Babayev Əli,40.6485794,46.6673059,11604.8514
Elvin Market Zeyvə kənd Goranboy,40.4553598,46.655143,11604.2159
Nüsrət Musazadə Elçin,41.6308532,46.6522141,11604.8393
Ramil Kosayev Hüseyn,41.6308532,46.6522141,11604.8375
Favorit Market Zaqatala,41.6088954,46.6505009,11604.1978
Əminət Qurbanova Qurban,41.6259805,46.6413704,11604.8563
Anar Musayev Əlixan,41.6263325,46.6411782,11604.8313
Çingiz Muradlı Sənan,41.6287793,46.6407667,11604.8392
Afərdə Muradova Yasin,41.6258688,46.6399814,11604.8374
Samir Mustafayev Yusif,41.6247262,46.6387436,11604.7901
Şərab Evi N1 Əliabad kənd Zaqatala,41.4884574,46.6226862,11604.2009
Əmrah Market Muzdular kənd Goranboy,40.7001534,46.6085718,11604.1891
Elçin Market,40.7000428,46.6085463,11604.2737
Azad Qəhrəmanov Burju,40.6983559,46.5665889,11604.8644
Laçın Market Ağca kənd Goranboy,40.413939,46.5629483,11604.2177
Tac Market Dəliməmmədli Goranboy,40.6889535,46.5611466,11604.1935
Karat studio Seyfəddin Laçın,39.6378764,46.5501692,11604.4586
İki Qardaş Market Qaradağlı kənd Goranboy,40.6584731,46.5479089,11604.1892
32 Market Samux,40.6954952,46.4746985,11604.0833
Cavid Market Samux,40.7526489,46.4364772,11604.2666
Dəniz Market Balakən,41.7060592,46.4253201,11604.2484
Cəfər Hüseynov Süleyman,41.7184015,46.4161642,11604.8663
Vüsal Əliyev Qədir,41.7186643,46.4160992,11604.8666
İntizar Qafarova İslam,41.7171384,46.4149241,11604.8664
Yaşar Osmanov Müzəffər,41.7171997,46.4149035,11604.8667
Mətanət Mirzəyeva Ənvər,41.7243585,46.4065912,11604.8665
Fortuna Trade MMC,40.7659179,46.4046184,27087
Ceyhun Market Gəncə,40.7203512,46.4002724,11604.0677
Tbilisi Market Balakən,41.7345718,46.3939181,11604.2435
Nicat Daşdəmirov Səhrəddin,40.686335,46.3871978,11604.8739
Fortuna Trade MMC,40.6881089,46.385873,27045
Kamil Murquzov Ceyhun,40.6964117,46.3818641,11604.8646
Bəhruz İrzaquliyev Bəhlul,40.6919079,46.3777276,11604.8126
Mətləb Ələkbərov Aydın,40.7114062,46.3776485,11604.8738
Həsən Market Gəncə,40.6871578,46.3753861,11604.4512
İbrahim Tağıyev Raqib,40.6793499,46.374871,11604.8645
Kiosk İsgəndər Gəncə,40.6867183,46.3739637,11604.258
Müşviq Abbasov Tofiq,40.6777354,46.3728673,11604.8516
Elşad Heydarov Aydın,40.6772562,46.372224,11604.83
Kiosk Tariel Gəncə,40.6761907,46.3715032,11604.1183
Kəpəz Market Gəncə,40.694097,46.3669376,11604.1666
Rasim Vəliyev Uğur,40.6983813,46.3666421,11604.8647
Xəyal Qəmərli Elsevər,40.7054199,46.3665862,11604.874
Bayram Meyvə-tərəvəz Gəncə,40.6851774,46.366272,11604.1344
Fikrət Babayev Ramiz,40.6863384,46.365357,11604.8295
Əliyev Elçin Qiyas,40.6806431,46.3647799,11604.8559
Kamal Babayev Mansur,40.6692708,46.3640597,11604.8545
Rafiq Əsgərov İmamverdi,40.6787005,46.3637688,11604.8517
Elman Yusubov Şahmar,40.6827656,46.362201,11604.8307
Rasim Cəbrayılov Baba,40.6815978,46.3616377,11604.8518
Nəsib Şirinzadə Ayaz,40.6752599,46.3603024,11604.8737
Səyavuş Məmmədov Məhərrəm,40.678172,46.35957,11604.8309
İntizam Məmmədov İbrahim,40.68195,46.35954,11604.8515
Samir Cabbarov Ənvər,40.6814225,46.3588109,11604.8519
Dostluq Kafe Gəncə,40.6990482,46.3544225,11604.0666
Sadıllı Kafe Elşən Gəncə,40.7024106,46.3542885,11604.298
Mobitec Telekom Gəncə,40.7180281,46.3538488,11604.1373
Ozan Market Gəncə,40.6740413,46.3512762,11604.1665
84 Market Gəncə,40.7038454,46.3494806,11604.0941
Rəvan Market Göygöl,40.5890478,46.3451405,11604.0841
Elşən Market Samux İstixana,40.7733172,46.3401967,11604.07
020 Şərab evi Gəncə,40.6717633,46.335625,11604.0982
Xan Market Göygöl,40.5435057,46.3356035,11604.4505
Elşən Market Göy Göl,40.5870831,46.3353996,11604.1125
Faikoğlu Market Gəncə,40.662232,46.3288081,11604.132
Kiosk Sakit Göygöl,40.5990379,46.3276481,11604.1011
Yaşıl Market Gəncə,40.6737875,46.326045,11604.1324
SPAR Market Samux,40.7881322,46.3225231,11604.1141
Kamil Baqişov Ramiz,40.5916389,46.3210155,11604.8546
Leyla Market Göygöl,40.5826299,46.3171316,11604.0945
Lalə Market Gəncə,40.6357916,46.3155025,11604.0716
Azər Market Gəncə,40.7164297,46.3149908,11604.0987
Çinar Market Göy Göl,40.717163,46.2978858,11604.1601
Hafis Həsənov Qəzənfər,40.7218986,46.2818212,11604.7711
Coşqun Market Göy Göl,40.6794804,46.2735468,11604.1612
İsmayl Market Göy Göl,40.6791239,46.2657673,11604.1624
Əli Market Könüllü kənd Şəmkir,40.7841003,46.2439588,11604.2729
Gündüz Zeynalov Fikrət,40.9073518,46.1808793,11604.8528
Rzayev Qalib İslam,40.8355531,46.1489434,11604.856
Akif Cəlilov Qara,40.8361297,46.1476515,11604.8558
"	Elmir Meyvə-tərəvəz Şəmkir",40.8362499,46.1472901,11604.4656
Elmir Market Stansiya Şəmkir,40.8390775,46.1442557,11604.246
Orucov Habil Kamal,40.8014548,46.1203265,11604.8529
Taleh Market Stansiya Şəmkir,40.8173218,46.1178495,11604.2508
Tural Cəfərov Mübariz,40.8696633,46.0997309,11604.8532
Arzu Bayramov Nizami,40.5194844,46.0831723,11604.8306
Vəzir Market Dəllər Şəmkir,40.8681401,46.0357016,11604.2758
Ramil Quliyev Afiq,40.8344216,46.032879,11604.853
Samir Tağıyev Qaşqay,40.8254492,46.0305155,11604.8531
Zirəddin İbrahimov Davud,40.8258166,46.0297006,11604.8561
Əbülfəz Fətəliyev Həsən,38.9103807,46.0227658,11604.8571
Fuad Mirzəyev Nofəl,40.8410101,46.0224343,11604.8527
Fizuli Fətəliyev Məmməd,38.9064438,46.0197944,11604.8574
Qəhrəman Market Kraz yolu Şəmkir,40.8500804,46.0185518,11604.2713
Məmməd Tağıyev Vasif,38.9032738,46.0167887,11604.8581
Bərəkət Market Şəmkir,40.8218839,46.0164142,11604.2577
Elmir Market Şəmkir,40.8203111,46.0156592,11604.2647
Seymur Yəhyayev Qasım,38.8966995,46.0139091,11604.8059
Samir Market Kraz yolu Şəmkir,40.8314556,45.9959364,11604.2739
Sərfəli Market Zəyəm Şəmkir,40.9040523,45.8933999,11604.2512
Həsən Rüstəmov Qulu,38.9455839,45.8263909,11604.8577
Teymur Market Gədəbəy,40.6820589,45.8255926,11604.2973
Emil Allahverdiyev Elşən,40.5764036,45.8096646,11604.8311
Vidadi Rüstəmov Kamil,40.5740513,45.8072682,11604.831
Fortuna Trade MMC,40.5737281,45.8067698,27053
Elnur Hüseynov Zakir,40.5737281,45.8067698,11604.8513
Qarabala Market Tovuz,40.9540717,45.7270494,11604.128
GərGər Market Gərgər kənd Gədəbəy,40.5606326,45.7253452,11604.2656
Mehdi Abbasov Sadıq,39.4517439,45.6806908,11604.8048
Rəcəb İbrahimov Fəhrad,38.9540171,45.6348385,11604.8585
İlqar Bağırov İbrahim,38.9531779,45.6336287,11604.8578
Mələk Market Tovuz,40.9960497,45.6257396,11604.1187
Adil Market Tovuz,40.995949,45.6254736,11604.1242
Dursun Telekom Tovuz,40.9793922,45.6226217,11604.1186
Polad Market - Bazar Tovuz,40.9800655,45.6221184,11604.1178
Zahid Qarayev Abbasəli,40.9793546,45.6218098,11604.8557
Samir Nəbiyev Bəkir,40.9810141,45.6207013,11604.8368
İlqar Ələkbərov Hidayət,40.9899391,45.6198666,11604.8297
Favorit-Adil Market Tovuz,41.0007263,45.6183562,11604.173
Urxan Cəfərov Məmməd,40.9918817,45.6175851,11604.8312
Elfaq Telekom Tovuz,40.992112,45.6136835,11604.1885
Məmməd Cəfərov Nuru,40.9921257,45.613457,11604.8308
Əflatun Market Saratofka Gədəbəy,40.5989677,45.5967817,11604.2545
Şəmi Market İvanovka Gədəbəy,40.5950745,45.5848926,11604.2544
Asəf Zeynalov Nurəddin,39.1080461,45.5815571,11604.857
Mehmanoğlu Market İvanovka Gədəbəy,40.5580504,45.5643151,11604.2547
Talıb Talıbov Qasım,39.2518702,45.515168,11604.8061
Əli Hacıyev Zeyqəm,39.2520406,45.4680912,11604.8319
Pərvin Bağırov Abdulla,39.1199595,45.4651881,11604.8344
Sahib Salmanov Əsgər,39.1171813,45.4650259,11604.8648
Canpolad Ələkbərov Əli,41.1131263,45.4432349,11604.7657
Alı Hacıyev Fərəc,39.2024245,45.4265742,11604.8567
Fuad Qurbanov Qurban,39.2056841,45.4255465,11604.8575
Alik Cəfərov Rəhim,39.1936023,45.4080272,11604.8568
Tural Məmmədov Misirail,39.1932661,45.4076267,11604.8299
Vüqar Məmmədov Cəfər,39.2088023,45.4070292,11604.8062
Yasir Bağırov Sabir,39.208896,45.4067363,11604.8587
Elxan Qasımov Əli,39.212457,45.4062321,11604.8573
Əmrah Əsgərov Cəlil,39.2106093,45.406084,11604.8322
Arzu Səfərli Səfər,39.1918309,45.4029764,11604.8569
Haqverdi Cəfərov Budaq,39.2186081,45.402405,11604.8576
Müseyib Rəşidov Ədalət,39.1888779,45.3911637,11604.8583
Qardaşlar Market Naxçıvan Xıncov,39.2106247,45.3908491,11604.8053
Nihad Talıbov Vaqif,39.1870075,45.3864539,11604.8584
Kiosk Cahad Qazax,41.0908202,45.3615475,11604.1392
Kiosk 022 Qazax,41.0907925,45.361121,11604.2684
Kamil Şaxtaxtinski Aslan,41.0906846,45.3608554,11604.8298
Saloğlu Market,41.2727994,45.3589031,11604.2417
Rövşən Rüstəmov Ramiz,39.4005428,45.1120779,11604.8057
İmaməddin Həbibov Əyyub,39.4004799,45.1079682,11604.8579
Rahib İbrahimli Məmməd,39.4990678,45.0550806,11604.8054
Yusif Bağırov Süleyman,39.5554639,44.9861961,11604.8588
Tofiq Kazımov Əli,39.5550837,44.9850314,11604.8586
Mübariz Mehdiyev Rüstəm,39.715266,44.8805755,11604.8582
Poçt şöbəsi 1138,40.385826,49.802727,23500000
Poçt şöbəsi 3500,41.092396,45.360203,23500004
Poçt şöbəsi 6300,40.212368,47.708491,23500005
Poçt şöbəsi 3400,41.420435,46.928851,23500006
Poçt şöbəsi 4800,41.068826,47.464028,23500007
Poçt şöbəsi 1500,39.209803,48.502545,23500009
Poçt şöbəsi 2300,40.651865,47.741089,23500010
Poçt şöbəsi 1000,40.373592,49.849079,23500012
Poçt şöbəsi 5600,40.635502,48.639033,23500013
Poçt Şöbəsi 0600,40.567338,48.400314,23500014
Poçt şöbəsi 3300,40.347622,48.169834,23500016
Poçt şöbəsi 2000,40.673136,46.357543,23500020
Poçt şöbəsi 0700,38.452755,48.874802,23500021
Poçt şöbəsi 0300,40.645426,47.471353,23500022
Poçt şöbəsi 5200,39.595909,48.984928,23500025
Poçt şöbəsi 1200,39.770813,47.61298,23500026
Poçt şöbəsi 4200,38.753651,48.852787,23500027
Poçt şöbəsi 1700,41.199661,48.98357,23500030
Poçt şöbəsi 2700,41.464943,48.801781,23500031
Poçt şöbəsi 4000,41.363415,48.537853,23500032
Poçt şöbəsi 3600,40.786369,48.145962,23500033
Poçt şöbəsi 0100,40.45041,49.75124,23500034
Poçt şöbəsi 0119,40.533222,49.779564,23500036
Poçt şöbəsi 0121,40.534222,49.719059,23500037
Poçt şöbəsi 0200,40.191837,47.200771,23500038
Poçt şöbəsi 0500,41.11274,45.441475,23500039
Poçt şöbəsi 0800,41.725868,46.406948,23500040
Poçt şöbəsi 1001,40.367443,49.831219,23500041
Poçt şöbəsi 1002,40.418587,49.937904,23500042
Poçt şöbəsi 1005,40.373285,49.83481,23500043
Poçt şöbəsi 1007,40.390865,49.841784,23500044
Poçt şöbəsi 1017,40.395569,49.792652,23500045
Poçt şöbəsi 1022,40.388695,49.836224,23500047
Poçt şöbəsi 1025,40.378141,49.865565,23500049
Poçt şöbəsi 1027,40.361015,49.946884,23500050
Poçt şöbəsi 1039,40.530237,50.009344,23500052
Poçt şöbəsi 1041,40.516457,50.112389,23500054
Poçt şöbəsi 1042,40.421707,49.999188,23500055
Poçt şöbəsi 1044,40.486794,50.161591,23500056
Poçt şöbəsi 1047,40.400055,49.976288,23500057
Poçt şöbəsi 1048,40.395363,49.972229,23500058
Poçt şöbəsi 1050,40.432957,50.032936,23500059
Poçt şöbəsi 1056,40.365573,50.213907,23500060
Poçt şöbəsi 1059,40.5471,49.913887,23500061
Poçt şöbəsi 1065,40.384167,49.824295,23500062
Poçt şöbəsi 1073,40.36787,49.816681,23500063
Poçt şöbəsi 1074,40.386124,49.905617,23500064
Poçt şöbəsi 1083,40.222935,49.576946,23500065
Poçt şöbəsi 1088,40.378208,50.08375,23500066
Poçt şöbəsi 1090,40.526505,50.098276,23500067
Poçt şöbəsi 1102,40.408119,49.810123,23500069
Poçt şöbəsi 1106,40.41111,49.835632,23500071
Poçt şöbəsi 1112,40.442097,49.977119,23500072
Poçt şöbəsi 1122,40.394333,49.803459,23500073
Poçt şöbəsi 1123,40.372833,49.946171,23500074
Poçt şöbəsi 1132,40.416714,49.964409,23500075
Poçt şöbəsi 1135,40.555887,49.88844,23500076
Poçt şöbəsi 1154,40.392143,49.877213,23500077
Poçt şöbəsi 1400,39.633896,48.143898,23500078
Poçt şöbəsi 1600,40.523089,46.081678,23500079
Poçt şöbəsi 1900,39.447754,47.341152,23500080
Poçt şöbəsi 2002,40.665532,46.360972,23500081
Poçt şöbəsi 2008,40.710654,46.37612,23500082
Poçt şöbəsi 2012,40.709151,46.367053,23500084
Poçt şöbəsi 2019,40.685702,46.345959,23500085
Poçt şöbəsi 2024,40.675632,46.326915,23500086
Poçt şöbəsi 2001,40.689934,46.365925,23500087
Poçt şöbəsi 2500,40.572248,46.322844,23500088
Poçt şöbəsi 2717,41.632381,48.681282,23500089
Poçt şöbəsi 3100,40.786202,48.146355,23500090
Poçt şöbəsi 3800,41.421913,48.421406,23500092
Poçt şöbəsi 4300,38.773994,48.414963,23500093
Poçt şöbəsi 4500,40.771935,47.051624,23500094
Poçt şöbəsi 4700,39.375889,49.244114,23500095
Poçt şöbəsi 5000,40.595154,49.666607,23500096
Poçt şöbəsi 5001,40.575871,49.686661,23500097
Poçt şöbəsi 5008,40.575718,49.676113,23500098
Poçt şöbəsi 5021,40.573296,49.708538,23500099
Poçt şöbəsi 5100,40.755142,46.396435,23500100
Poçt şöbəsi 5112,40.745407,46.474167,23500101
Poçt şöbəsi 5116,40.789898,46.315117,23500102
Poçt şöbəsi 5129,40.761414,46.371166,23500103
Poçt şöbəsi 5300,41.076721,49.11079,23500104
Poçt şöbəsi 5700,40.831276,46.02631,23500105
Poçt şöbəsi 6023,40.934917,45.755245,23500106
Poçt şöbəsi 6200,41.633152,46.649883,23500107
Poçt şöbəsi 1130,40.417778,49.839993,23500108
Poçt şöbəsi 6000,40.99163,45.617632,23500109
Poçt şöbəsi 6600,40.612697,47.14645,23500110
Poçt şöbəsi 0417,40.040086,47.417157,23500111
Poçt Şöbəsi 2200,40.60785,46.788208,23500112
Poçt Şöbəsi 1159,40.479988,49.987391,23500113
Poçt Şöbəsi 0155,40.466085,49.625556,23500114
Poçt şöbəsi 4511,40.758825,46.975982,23500115
Poçt şöbəsi 6024,41.026836,45.602509,23500116
Poçt şöbəsi 1023,40.332258,49.819657,23500117
Poçt Şöbəsi 0155,40.466085,49.625556,23501.0017
Poçt Şöbəsi 0325,40.55588,47.427971,23501.0021
Poçt Şöbəsi 0430,40.097725,47.31699,23501.0029
Poçt Şöbəsi 0601,40.568516,48.394928,23501.0033
Poçt Şöbəsi 0715,38.533024,48.806011,23501.0038
Poçt Şöbəsi 0717,38.607429,48.819973,23501.0039
Poçt Şöbəsi 0719,38.465244,48.810116,23501.0040
Poçt Şöbəsi 0815,41.64403,46.56086,23501.0043
Poçt Şöbəsi 1003,40.345272,49.840439,23501.0052
Poçt Şöbəsi 1021,40.338039,49.806198,23501.0066
Poçt Şöbəsi 1038,40.459114,49.922729,23501.0079
Poçt Şöbəsi 1040,40.427803,49.957707,23501.0081
Poçt Şöbəsi 1045,40.448452,50.088944,23501.0086
Poçt Şöbəsi 1092,40.417088,49.967293,23501.0114
Poçt Şöbəsi 1118,40.413506,49.941914,23501.0128
Poçt Şöbəsi 1216,39.630028,47.712704,23501.0152
Poçt Şöbəsi 1225,39.634213,47.685833,23501.0157
Poçt Şöbəsi 1711,41.329301,48.870407,23501.0183
Poçt Şöbəsi 2006,40.642438,46.342494,23501.0198
Poçt Şöbəsi 2215,40.632481,46.85936,23501.0205
Poçt Şöbəsi 2216,40.698793,46.571953,23501.0206
Poçt Şöbəsi 2227,40.655644,46.549773,23501.0209
Poçt Şöbəsi 2303,40.649533,47.747803,23501.0217
Poçt Şöbəsi 2418,40.049917,48.718755,23501.0228
Poçt Şöbəsi 2731,41.542038,48.613609,23501.0240
Poçt Şöbəsi 3000,39.871311,48.061565,23501.0241
Poçt Şöbəsi 3300,40.347622,48.169834,23501.0243
Poçt Şöbəsi 3400,41.420435,46.928851,23501.0244
Poçt Şöbəsi 3412,41.334835,46.761272,23501.0246
Poçt Şöbəsi 3413,41.320217,46.799805,23501.0247
Poçt Şöbəsi 3419,41.425064,46.942978,23501.0252
Poçt Şöbəsi 3422,41.304157,46.834438,23501.0255
Poçt Şöbəsi 3425,41.42651,46.70266,23501.0257
Poçt Şöbəsi 4012,41.387592,48.425911,23501.0273
Poçt Şöbəsi 5615,40.493084,48.679287,23501.0336
Poçt Şöbəsi 5730,40.901196,45.892254,23501.0350
Poçt Şöbəsi 6035,40.947731,45.736977,23501.0353
Poçt Şöbəsi 6612,40.631313,46.988541,23501.0363
Poçt Şöbəsi 6619,40.71479,47.21881,23501.0368
Poçt Şöbəsi 6625,40.506115,47.085709,23501.0373
Poçt Şöbəsi 4212,38.890386,48.76217,23501.0380
Poçt Şöbəsi 4221,38.7381,48.8079,23501.0383
Poçt Şöbəsi 4223,38.659973,48.841091,23501.0384
Poçt Şöbəsi 4510,40.753929,47.094089,23501.1587
Poçt Şöbəsi 3114,40.7407533,48.0343155,23501.1595
Poçt Şöbəsi 3123,40.84827,48.385548,23501.1599
Poçt Şöbəsi 3126,40.739787,48.270282,23501.1602
Poçt Şöbəsi 3128,40.878891,48.068497,23501.1604
Poçt Şöbəsi 3136,40.915783,48.045769,23501.1607
Poçt Şöbəsi 0511,41.114842,45.451057,23501.1626
Poçt Şöbəsi 0942,40.317059,47.126167,23501.1638
Poçt Şöbəsi 0943,40.383595,47.035652,23501.1639
Poçt Şöbəsi 1061,40.496498,50.197311,23501.1640
Poçt Şöbəsi 1521,39.261345,48.502525,23501.1646
Poçt Şöbəsi 1528,39.33662,48.430111,23501.1648
Poçt Şöbəsi 2011,40.68753,46.381089,23501.1660
Poçt Şöbəsi 2730,41.763546,48.579056,23501.1674
Poçt Şöbəsi 3327,40.376274,48.193096,23501.1680
Poçt Şöbəsi 3519,41.101947,45.257603,23501.1682
Poçt Şöbəsi 3611,41.008385,47.778355,23501.1685
Poçt Şöbəsi 3623,40.940691,47.666315,23501.1687
Poçt Şöbəsi 3819,41.505772,48.249207,23501.1691
Poçt Şöbəsi 4226,38.813755,48.701809,23501.1694
Poçt Şöbəsi 4437,38.917694,48.706696,23501.1696
Poçt Şöbəsi 4704,39.386082,49.245506,23501.1698
Poçt Şöbəsi 4819,40.926256,47.459963,23501.1703
Poçt Şöbəsi 4824,40.940074,47.592916,23501.1704
Poçt Şöbəsi 5101,40.754845,46.386345,23501.1716
Poçt Şöbəsi 5518,40.97521,47.117885,23501.1726
Poçt Şöbəsi 5713,40.776906,46.112077,23501.1730
Poçt Şöbəsi 5724,40.899246,45.91964,23501.1731
Poçt Şöbəsi 5729,40.886162,45.822029,23501.1733
Poçt Şöbəsi 5738,40.806599,46.260185,23501.1735
Poçt Şöbəsi 5743,40.813056,46.223601,23501.1736
Poçt Şöbəsi 5918,40.36433,46.949898,23501.1740
Poçt Şöbəsi 5923,40.294128,46.984837,23501.1743
Poçt Şöbəsi 6118,40.485919,47.570741,23501.1752
Poçt Şöbəsi 6231,41.444755,46.577087,23501.1762
Poçt Şöbəsi 6301,40.22744,47.707561,23501.1765
Poçt Şöbəsi 6601,40.619451,47.150506,23501.1773
MÖHLÜD ALLAHVERDİYEV PİRƏMMƏD,40.8525,47.6781,23501.2272
ƏFSANƏ RƏHİMOVA AFİQ,41.156,45.4352,23501.2538
ZAFTA AĞAYEVA QAMƏT,39.9809,47.3785,23501.2740
Poçt Şöbəsi 5924,40.262398,47.017017,23501.2805
Poçt Şöbəsi 1120,40.371661,50.284599,23501.2998
Poçt Şöbəsi 1115,40.430252,49.84951,23501.3025
Poçt Şöbəsi 2237,40.541775,46.775665,23501.3026
Poçt Şöbəsi 4823,40.961266,47.517606,23501.3044
Amid Rəhimov,40.396368,49.95311,10200
Sadıq Məmmədov,41.205707,47.165414,10204
Elçin Şirinov,40.413632,49.846873,10229
Teymur Süleymanov,39.44754039,47.33912378,10466
Müzəffər Qarayev,40.002828,48.470481,10423
Nazim Əliyev,40.574329,45.807047,10437
Astan Talıbov,39.867351,48.059844,10438
Talıb Tağıyev,40.390366,49.961971,10276
Aytən Məmmədova,40.4489,50.087635,10277
Mirzə Aslanov,40.529935,49.713198,10234
Elçin Əhmədov,40.401447,49.868272,10233
Anar Behbudov,40.603306,46.784047,10235
İltifat Talıbzadə,39.869971,48.05936,10237
Seyfəddin Vəliyev,40.386664,49.960974,10188
Orxan Məmmədzadə,40.597107,49.663232,10134
Rəsul Dadayev,40.42644,49.854061,10441
Əzizağa Abasov,40.322208,49.740404,10316
ROTAS İnternational MMC,40.641417,46.340325,10269
Ruslan Cəbrayılov,39.958763,48.94852,10302
Sahib Aydəmirov,41.360022,48.518732,10299
Daşqın Mehdiyev,40.420717,49.815085,10429
Ramil Kosayev,41.63235,46.650329,10452
Zaur Ocaqverdiyev,39.77321737,47.62167727,10449
Rauf Zeynalov,40.399958,49.825487,10293
Natiq Salahov,40.45439,49.746012,10420
Cəlal Rüstəmov,40.37356,47.112164,10104
Cəlal Rüstəmov ,40.37385,47.113487,10105
Hacı Məmmədov,40.586099,49.666889,10112
Sadiq Vəliyev,40.379326,49.851043,10124
Seymur Əhmədov,40.774583,47.002273,10130
Vasif İbrahimov,40.664199,47.756669,10132
Aynur Alı-Hüseynova,40.439585,49.811395,10292
Samir Əsgərov,40.928804,45.818703,10264
Samir İmanverdiyev,40.59029,49.677065,10266
İlkin Mikayılov,38.686057,48.825481,10267
Amil Orucov,40.616058,47.138374,10283
Ruslan Cəbrayılov,39.936678,48.927893,10399
Anar İbrahimov,40.580358,49.681,10402
Ramin Hüseynov,40.50991,47.65239,10403
Samir Əbülqasımlı,40.569797,49.688374,10362
Kənan Fətiyev,40.413599,49.810881,10365
Ceyhun Qasımlı,40.385185,49.829318,10374
Emin Sadıqov,40.397782,49.826884,10383
Kamran Abbasov,40.681798,46.33347,10377
Anar İbrahimov,40.573333,49.68375,10380
Samir İmanverdiyev,40.578589,49.674589,10333
Əhməd Əhmədli,40.423745,49.816691,10384
Turan Əliməmmədov,40.409073,49.844685,10320
Talıb Tağıyev,40.377422,49.846622,10349
Etibar Dadaşov,40.635914,48.639356,10324
Məhərrəm Qasımov,40.430324,49.957052,10325
Vüqar Tağıyev,40.369862,49.952338,10390
Rafiq Zeynalov,39.589034,48.97471,10406
Tural İsmayılov,40.401447,49.868272,10392
Talıb Feyzullayev,38.471062,48.870376,10398
Xəlil İsmayılzadə,40.406721,49.816341,10382
Ələddin Həsənli,40.352936,46.936193,10341
Amid Rəhimov,40.360044,50.072412,10328
Anar İbrahimov,40.587169,49.678649,10329
Ramiz Qurbanov,40.406614,49.806746,10323
Toğrul Əliyev,40.226305,47.708149,10314
Sərvan Cəfərov,40.67875957,46.36302402,10451
Rövşən Beybudov,40.559769,49.696773,10439
Elvin Cəfərov,40.766628,46.990348,10440
Əli Həsənzadə,40.407999,49.868296,10443
Anar Məlikov,40.60198,49.66791,10445
Həbib Hüseynov,40.417429,49.813094,10446
Fuad Cabbarov,40.58417923,49.67826073,10447
Elgiz Zamanov,40.40376101,49.97304755,10448
İsmət Vəliyev,40.40561,49.868145,10113
Rəşad Hüseynli,40.398324,49.872727,10287
AKSION MMC,39.938145,48.363944,10290
Xalid Əyyubzadə,40.598439,49.673966,10318
Şahin Məmmədov,40.492151,49.752605,10183
Sənan Əkbərov,40.3868,49.904506,10435
İsmət Vəliyev,40.425199,49.83985,10432
Azad Paşazadə,40.417608,49.932449,10433
Rüfət Bağırov,40.394221,49.844282,10176
Talıb Tağıyev,40.391859,49.957861,10181
Talıb Tağıyev,40.361405,49.96103,10182
Tural İsmayılov,40.422083,49.969633,10404
Fuad Rəhimov,40.524077,50.101919,10363
Cəlal Rüstəmov,40.383266,47.135042,10366
Ariz Yusifov,41.076133,49.111671,10379
Əbülqasim Əliyev,40.593064,49.673942,10415
Taryel Mahmudov,41.114913,45.450971,10369
Ülvi Mehrəliyev,40.414675,49.939367,10368
Mübariz Məmmədov,40.044784,48.934755,10344
Şahlar İsmaylov,40.360937,49.957668,10345
Seymur Əhmədov,40.764926,47.040314,10356
Vüsal Cəfərov,40.603892,49.664596,10411
Nofəl Əskərli,39.461633,48.56093,10248
Taleh Abbasov,40.408666,49.956068,10251
Elşən Əhmədov,40.419152,50.006762,10148
Mirzə Aslanov,40.56125,49.69375,10160
Vüqar Əsgərov,41.197712,48.986365,10142
Elman Babayev,40.406774,49.945348,10144
Elman Babayev,40.427169,49.957511,10145
Şahin Əliyev,40.494744,49.85529,10147
Tural Qiyasi,40.462457,49.740248,10149
Bəxtiyar Abbasov,40.460116,49.74524,10152
Rəşad Həmidov,41.463278,48.802444,10155
Natiq Əsgərov,40.421469,49.961353,10156
İlahi Səfərov,40.674449,46.360366,10165
İlahi Səfərov,40.67875,46.363028,10166
Rövşən Quliyev,40.712998,46.368371,10167
Mürsəl Nəzərov,41.461118,48.79773,10170
Famil İbrahimov,40.375255,47.122386,10230
Nitro MMC,40.649401,47.739209,10252
Orxan Məmmədzadə,40.588623,49.669232,10258
Seymur Sariyev,40.453048,49.784746,10261
Rauf Zeynalov,40.381948,49.823915,10291
Zamin Hacıyev,41.431223,48.443448,10245
Ənvər Tağıyev,40.99056,45.61932,10430
Yaqub Mahmudov,40.7634197,47.06143273,10455
Rauf Kərimov,40.427278,49.847694,10467
Əhməd Əhmədli,40.46681513,49.82691035,10462
Vüsal Nəsibov,40.584917,49.680306,10461
Pərviz Mahmudov,41.09163478,45.36267162,10469
Fərhad Bayramov,40.67776784,46.35618454,10470
Dmitriy Qovosari,40.94112489,47.66601854,10471
Zaur Zeynalov,40.639709,47.746524,10458
Amid Rəhimov,40.223222,49.578417,10459
Zaur Zeynalov,40.61479915,48.01348781,10468
Elvin Cəfərov,40.76668,46.990312,10426
Səddam Ələkbərov,41.37089264,48.51927643,10454
Elşad Hacıyev,40.41169603,49.81417108,10463
Rövşən Bəşirov,39.02283001,48.659396,10464
Şamil Quliyev,40.475917,49.944667,10465
Elgiz Zamanov,40.436705,49.959042,10457
Elşad Hacıyev,40.40225,49.809028,10460
Taleh Abbasov,40.371152,49.955417,10434
Astan Talıbov,39.870292,48.060645,18044
Astan Talıbov,39.871426,48.061382,18045
Asiman Əlisazadə,39.03855,48.675563,18043
Rəşad Həmidov,41.466167,48.803839,18028
Fuad Cabbarov,40.583989,49.678553,18062
Aytən Məmmədova,40.448892,50.087403,18063
Sadıq Məmmədov,41.415415,46.892218,18036
Asya Hüseynova,40.508509,46.819452,18039
Hacı Məmmədov,40.598029,49.651883,18024
Talıb Feyzullayev,38.470661,48.869989,18033
Davud Məmmədov,38.778656,48.82483,18017
Elgiz Zamanov,40.404043,49.973168,18064
Vüqar Əsgərov,41.146241,49.069508,18021
Fəxrəddin Zeynalov,41.457328,48.802429,18018
Elnur Hüseynov,40.573721,45.806823,18004
Aynurə Abbasova,40.448288,50.088068,18008
Rafail Mehdiyev,40.431082,49.956169,18051
Vüsal Cəfərov,40.59718,49.658802,18052
Natiq Məmmədov,41.45093593,48.7983851,18068
Arzu Mehtiyev,40.700056,46.366417,18066
